seed,time_step,actual_label,prediction_probability,decision
42,1,0,0.560684084892273,anomaly
42,2,0,0.5070831775665283,anomaly
42,3,0,0.5103037357330322,anomaly
42,4,0,0.5062921047210693,anomaly
42,5,0,0.5117388367652893,anomaly
42,6,0,0.5023766756057739,anomaly
42,7,0,0.513577938079834,anomaly
42,8,0,0.5281533002853394,anomaly
42,9,0,0.5345456600189209,anomaly
42,15,0,0.5333505868911743,anomaly
42,16,0,0.5444778203964233,anomaly
42,17,0,0.5250723361968994,anomaly
42,18,0,0.521720290184021,anomaly
42,19,0,0.5166983008384705,anomaly
42,24,0,0.5533785820007324,anomaly
42,25,0,0.5179338455200195,anomaly
42,29,0,0.5070280432701111,anomaly
42,30,0,0.5186392664909363,anomaly
42,31,0,0.5470216274261475,anomaly
42,32,0,0.517017126083374,anomaly
42,37,0,0.5255113840103149,anomaly
42,38,0,0.5208711624145508,anomaly
42,39,0,0.5182101726531982,anomaly
42,40,0,0.5180277228355408,anomaly
42,41,0,0.511945366859436,anomaly
42,42,0,0.5334698557853699,anomaly
42,43,0,0.5258193016052246,anomaly
42,44,0,0.537477970123291,anomaly
42,45,0,0.5312168598175049,anomaly
42,46,0,0.5291246771812439,anomaly
42,47,0,0.523330569267273,anomaly
42,48,0,0.5246467590332031,anomaly
42,49,0,0.5113860368728638,anomaly
42,53,0,0.5217213034629822,anomaly
42,54,0,0.5236899852752686,anomaly
42,55,0,0.5297125577926636,anomaly
42,56,0,0.5339908599853516,anomaly
42,57,0,0.5032541751861572,anomaly
42,72,0,0.5125426054000854,anomaly
42,73,0,0.5512087345123291,anomaly
42,74,0,0.5146521329879761,anomaly
42,75,0,0.5005754232406616,anomaly
42,79,0,0.5087199211120605,anomaly
42,80,0,0.5182925462722778,anomaly
42,81,0,0.5219141244888306,anomaly
42,82,0,0.5047886371612549,anomaly
42,85,0,0.5498406291007996,anomaly
42,86,0,0.5316416025161743,anomaly
42,87,0,0.5013784766197205,anomaly
42,89,0,0.5240011811256409,anomaly
42,90,0,0.5261184573173523,anomaly
42,96,0,0.5119664072990417,anomaly
42,97,0,0.5379718542098999,anomaly
42,101,0,0.5103041529655457,anomaly
42,102,0,0.5198343992233276,anomaly
42,103,0,0.522537350654602,anomaly
42,104,0,0.5255557298660278,anomaly
42,105,0,0.5223690271377563,anomaly
42,106,0,0.5281082391738892,anomaly
42,107,0,0.5233086347579956,anomaly
42,108,0,0.5300448536872864,anomaly
42,109,0,0.5248690843582153,anomaly
42,110,0,0.521993100643158,anomaly
42,111,0,0.5010126233100891,anomaly
42,112,0,0.5483675003051758,anomaly
42,113,0,0.5433164238929749,anomaly
42,122,0,0.545401930809021,anomaly
42,123,0,0.5295764207839966,anomaly
42,124,0,0.5268819332122803,anomaly
42,125,0,0.5326368808746338,anomaly
42,126,0,0.5016043186187744,anomaly
42,131,0,0.5158714652061462,anomaly
42,132,0,0.5202921032905579,anomaly
42,133,0,0.5192136168479919,anomaly
42,134,0,0.5191466808319092,anomaly
42,135,0,0.5205127000808716,anomaly
42,136,0,0.5210206508636475,anomaly
42,137,0,0.5302009582519531,anomaly
42,138,0,0.5252764225006104,anomaly
42,139,0,0.5223339200019836,anomaly
42,140,0,0.5240042805671692,anomaly
42,141,0,0.5221856832504272,anomaly
42,142,0,0.5237391591072083,anomaly
42,143,0,0.5251152515411377,anomaly
42,144,0,0.5249782800674438,anomaly
42,145,0,0.523505687713623,anomaly
42,146,0,0.5177496075630188,anomaly
42,148,0,0.5073087215423584,anomaly
42,149,0,0.5059002041816711,anomaly
42,150,0,0.5139811038970947,anomaly
42,151,0,0.5240949392318726,anomaly
42,152,0,0.519355058670044,anomaly
42,156,0,0.513853132724762,anomaly
42,157,0,0.5607671141624451,anomaly
42,158,0,0.5271048545837402,anomaly
42,159,0,0.5033970475196838,anomaly
42,160,0,0.5040223002433777,anomaly
42,161,0,0.5178858041763306,anomaly
42,162,0,0.5206136703491211,anomaly
42,163,0,0.521826982498169,anomaly
42,164,0,0.5014755725860596,anomaly
42,168,1,0.5667871832847595,anomaly
42,169,1,0.5167461037635803,anomaly
42,173,1,0.5139386057853699,anomaly
42,174,1,0.5288677215576172,anomaly
42,175,0,0.5105493068695068,anomaly
42,192,0,0.5535147786140442,anomaly
42,193,0,0.5310544967651367,anomaly
42,194,0,0.5082026720046997,anomaly
42,196,0,0.5115646123886108,anomaly
42,197,0,0.5107362270355225,anomaly
42,198,0,0.5169051885604858,anomaly
42,199,0,0.5205792188644409,anomaly
42,200,0,0.523399829864502,anomaly
42,201,0,0.5125831365585327,anomaly
42,202,0,0.5250903367996216,anomaly
42,203,0,0.530677318572998,anomaly
42,204,0,0.5284069776535034,anomaly
42,205,0,0.5077482461929321,anomaly
42,206,0,0.5137089490890503,anomaly
42,207,0,0.520022988319397,anomaly
42,208,0,0.5225601196289062,anomaly
42,209,0,0.5173685550689697,anomaly
42,217,0,0.54273921251297,anomaly
42,218,0,0.5138647556304932,anomaly
42,219,0,0.5016217231750488,anomaly
42,224,0,0.5241097211837769,anomaly
42,225,0,0.522546648979187,anomaly
42,226,0,0.5272801518440247,anomaly
42,227,0,0.5343347191810608,anomaly
42,228,0,0.5161815881729126,anomaly
42,241,0,0.5570204257965088,anomaly
42,242,0,0.5405339598655701,anomaly
42,243,0,0.5290840864181519,anomaly
42,244,0,0.5371232032775879,anomaly
42,245,0,0.5271114110946655,anomaly
42,246,0,0.5068325400352478,anomaly
42,247,0,0.5057588815689087,anomaly
42,248,0,0.5121443867683411,anomaly
42,250,0,0.5090701580047607,anomaly
42,251,0,0.5385357141494751,anomaly
42,252,0,0.5338142514228821,anomaly
42,253,0,0.5139529705047607,anomaly
42,254,0,0.5012327432632446,anomaly
42,255,0,0.5157077312469482,anomaly
42,256,0,0.5202685594558716,anomaly
42,257,0,0.523139476776123,anomaly
42,258,0,0.5210349559783936,anomaly
42,259,0,0.5201215744018555,anomaly
42,260,0,0.5212846994400024,anomaly
42,261,0,0.5238690376281738,anomaly
42,262,0,0.5242294073104858,anomaly
42,263,0,0.5187824964523315,anomaly
42,264,0,0.5288127064704895,anomaly
42,265,0,0.51922607421875,anomaly
42,266,0,0.5098674297332764,anomaly
42,269,0,0.5016372203826904,anomaly
42,271,0,0.5293717384338379,anomaly
42,272,0,0.5412940979003906,anomaly
42,273,0,0.5114172697067261,anomaly
42,278,0,0.525749921798706,anomaly
42,279,0,0.5245434045791626,anomaly
42,280,0,0.5180894136428833,anomaly
42,281,0,0.5137273073196411,anomaly
42,289,0,0.5583080053329468,anomaly
42,290,0,0.5124913454055786,anomaly
42,293,0,0.5053589344024658,anomaly
42,294,0,0.5170427560806274,anomaly
42,295,0,0.5221891403198242,anomaly
42,296,0,0.5188565850257874,anomaly
42,297,0,0.5281897187232971,anomaly
42,298,0,0.5177747011184692,anomaly
42,299,0,0.5039108991622925,anomaly
42,300,0,0.5232621431350708,anomaly
42,301,0,0.5404395461082458,anomaly
42,302,0,0.5251365303993225,anomaly
42,303,0,0.5172321796417236,anomaly
42,304,0,0.5139363408088684,anomaly
42,305,0,0.515446662902832,anomaly
42,306,0,0.5273333787918091,anomaly
42,307,0,0.5373483896255493,anomaly
42,313,0,0.5527790784835815,anomaly
42,315,0,0.5350031852722168,anomaly
42,316,0,0.5398266315460205,anomaly
42,317,0,0.519133448600769,anomaly
42,319,0,0.5328986048698425,anomaly
42,320,0,0.5172322988510132,anomaly
42,321,0,0.5077704191207886,anomaly
42,322,0,0.5224148631095886,anomaly
42,326,0,0.5287802815437317,anomaly
42,327,0,0.5542492866516113,anomaly
42,328,0,0.5335109233856201,anomaly
42,329,0,0.5161418914794922,anomaly
42,330,0,0.5167638659477234,anomaly
42,331,0,0.5158567428588867,anomaly
42,332,0,0.5278071761131287,anomaly
42,333,0,0.5241320133209229,anomaly
42,334,0,0.5047677755355835,anomaly
42,336,0,0.500560462474823,anomaly
42,337,0,0.5390862226486206,anomaly
42,342,0,0.5024431943893433,anomaly
42,343,0,0.5276445150375366,anomaly
42,344,0,0.5289373397827148,anomaly
42,345,0,0.5319904088973999,anomaly
42,360,0,0.50217604637146,anomaly
42,361,0,0.5504989624023438,anomaly
42,365,0,0.5113372802734375,anomaly
42,366,0,0.5203694701194763,anomaly
42,367,0,0.5228399038314819,anomaly
42,368,0,0.5241530537605286,anomaly
42,369,0,0.5243585109710693,anomaly
42,370,0,0.5208958387374878,anomaly
42,371,0,0.5205047726631165,anomaly
42,372,0,0.5205937027931213,anomaly
42,373,0,0.5231407880783081,anomaly
42,374,0,0.5074708461761475,anomaly
42,375,0,0.5148874521255493,anomaly
42,376,0,0.520789384841919,anomaly
42,377,0,0.5231241583824158,anomaly
42,378,0,0.5010667443275452,anomaly
42,384,0,0.5530874729156494,anomaly
42,385,0,0.5340696573257446,anomaly
42,386,0,0.5053093433380127,anomaly
42,387,0,0.5102787017822266,anomaly
42,388,0,0.5177271366119385,anomaly
42,389,0,0.5165338516235352,anomaly
42,393,0,0.5219227075576782,anomaly
42,394,0,0.5252034068107605,anomaly
42,395,0,0.5316177606582642,anomaly
42,396,0,0.5164244174957275,anomaly
42,397,0,0.5366955995559692,anomaly
42,398,0,0.5161951184272766,anomaly
42,399,0,0.5234516263008118,anomaly
42,400,0,0.5319962501525879,anomaly
42,401,1,0.5310676097869873,anomaly
42,410,1,0.5629955530166626,anomaly
42,411,1,0.541860818862915,anomaly
42,412,1,0.5331892371177673,anomaly
42,413,1,0.547114372253418,anomaly
42,419,1,0.5000261664390564,anomaly
42,420,1,0.5033686757087708,anomaly
42,421,1,0.5004463195800781,anomaly
42,422,1,0.5224596261978149,anomaly
42,423,1,0.5089702010154724,anomaly
42,424,1,0.5050468444824219,anomaly
42,425,1,0.5266283750534058,anomaly
42,426,1,0.5130980014801025,anomaly
42,431,1,0.5375204682350159,anomaly
42,432,1,0.5363084077835083,anomaly
42,433,1,0.5229264497756958,anomaly
42,436,1,0.5045139789581299,anomaly
42,437,1,0.528386116027832,anomaly
42,438,1,0.5244888067245483,anomaly
42,455,1,0.5651129484176636,anomaly
42,456,1,0.5398991107940674,anomaly
42,457,1,0.5181596279144287,anomaly
42,458,1,0.5064157843589783,anomaly
42,461,1,0.5168550610542297,anomaly
42,462,1,0.5228664875030518,anomaly
42,463,1,0.5210064649581909,anomaly
42,467,1,0.5325483679771423,anomaly
42,468,1,0.546528697013855,anomaly
42,469,1,0.5719857811927795,anomaly
42,470,1,0.5380337834358215,anomaly
42,480,0,0.5407744646072388,anomaly
42,481,0,0.5472666025161743,anomaly
42,482,0,0.5155279636383057,anomaly
42,487,0,0.5193158388137817,anomaly
42,488,0,0.5491231679916382,anomaly
42,496,0,0.5102518796920776,anomaly
42,504,0,0.5576921105384827,anomaly
42,505,0,0.5181429982185364,anomaly
42,511,0,0.5204794406890869,anomaly
42,512,0,0.5268681645393372,anomaly
42,513,0,0.5229537487030029,anomaly
42,528,0,0.5401757955551147,anomaly
42,529,0,0.5186350345611572,anomaly
42,530,0,0.5012142658233643,anomaly
42,533,0,0.5053521394729614,anomaly
42,534,0,0.5218985080718994,anomaly
42,535,0,0.5245342254638672,anomaly
42,536,0,0.5199381709098816,anomaly
42,553,0,0.5571614503860474,anomaly
42,554,0,0.5155758857727051,anomaly
42,555,0,0.5015820264816284,anomaly
42,557,0,0.5010650157928467,anomaly
42,558,0,0.5034876465797424,anomaly
42,559,0,0.5167261362075806,anomaly
42,560,0,0.5254727005958557,anomaly
42,561,0,0.5183534622192383,anomaly
42,562,0,0.5224378108978271,anomaly
42,563,0,0.5093207359313965,anomaly
42,564,0,0.5224602222442627,anomaly
42,565,0,0.5325175523757935,anomaly
42,566,0,0.5266368985176086,anomaly
42,567,0,0.510403573513031,anomaly
42,568,0,0.501276969909668,anomaly
42,570,0,0.5578862428665161,anomaly
42,571,0,0.5590000152587891,anomaly
42,572,0,0.5004189610481262,anomaly
42,577,0,0.5670980215072632,anomaly
42,578,0,0.5072940587997437,anomaly
42,583,0,0.5128182172775269,anomaly
42,584,0,0.5183283686637878,anomaly
42,585,0,0.5382366180419922,anomaly
42,601,0,0.5548230409622192,anomaly
42,602,0,0.5458855032920837,anomaly
42,603,0,0.5219308733940125,anomaly
42,604,0,0.5324867367744446,anomaly
42,605,0,0.5288034081459045,anomaly
42,606,0,0.5380527973175049,anomaly
42,607,0,0.5304585695266724,anomaly
42,608,0,0.5233597755432129,anomaly
42,609,0,0.5098414421081543,anomaly
42,610,0,0.5053369402885437,anomaly
42,611,0,0.518646240234375,anomaly
42,612,0,0.5331895351409912,anomaly
42,613,0,0.5187029838562012,anomaly
42,614,0,0.508410632610321,anomaly
42,615,0,0.5113241672515869,anomaly
42,616,0,0.5144709348678589,anomaly
42,617,0,0.5180028676986694,anomaly
42,618,0,0.5226417779922485,anomaly
42,619,0,0.5221807956695557,anomaly
42,620,0,0.5185579061508179,anomaly
42,621,0,0.516626238822937,anomaly
42,622,0,0.5214471817016602,anomaly
42,623,0,0.5250644683837891,anomaly
42,624,0,0.525424063205719,anomaly
42,628,0,0.5120104551315308,anomaly
42,629,0,0.5181436538696289,anomaly
42,630,0,0.5230260491371155,anomaly
42,631,0,0.522467851638794,anomaly
42,632,0,0.5214168429374695,anomaly
42,633,0,0.5061720609664917,anomaly
42,649,0,0.5600464344024658,anomaly
42,650,0,0.5235943794250488,anomaly
42,651,0,0.506880521774292,anomaly
42,654,0,0.5033533573150635,anomaly
42,655,0,0.5024005770683289,anomaly
42,656,0,0.5162734985351562,anomaly
42,657,0,0.523762047290802,anomaly
42,658,0,0.517166018486023,anomaly
42,660,0,0.5305603742599487,anomaly
42,661,0,0.5374704599380493,anomaly
42,662,0,0.516715407371521,anomaly
42,664,0,0.503170371055603,anomaly
42,665,0,0.5156031847000122,anomaly
42,666,0,0.5256596207618713,anomaly
42,667,0,0.5151982307434082,anomaly
42,672,0,0.5094778537750244,anomaly
42,673,0,0.5390963554382324,anomaly
42,677,0,0.5089254379272461,anomaly
42,678,0,0.5247480273246765,anomaly
42,679,0,0.5237846374511719,anomaly
42,680,0,0.5220099687576294,anomaly
42,681,0,0.5045071840286255,anomaly
42,695,0,0.5409125089645386,anomaly
42,696,0,0.5288839340209961,anomaly
42,699,0,0.5055439472198486,anomaly
42,700,0,0.5054656863212585,anomaly
42,702,0,0.5124006271362305,anomaly
42,703,0,0.512765645980835,anomaly
42,704,0,0.5293586254119873,anomaly
42,705,0,0.5079997777938843,anomaly
42,712,0,0.5282297134399414,anomaly
42,713,0,0.5320538878440857,anomaly
42,714,0,0.5261238813400269,anomaly
42,715,0,0.522504985332489,anomaly
42,716,0,0.5217103362083435,anomaly
42,721,0,0.5445652008056641,anomaly
42,725,0,0.5018059015274048,anomaly
42,727,0,0.5080060958862305,anomaly
42,728,0,0.5606582760810852,anomaly
42,729,0,0.5735729932785034,anomaly
42,735,0,0.5110650658607483,anomaly
42,736,0,0.5024464130401611,anomaly
42,744,0,0.5292587280273438,anomaly
42,745,0,0.5301624536514282,anomaly
42,749,0,0.5102253556251526,anomaly
42,750,0,0.5198594927787781,anomaly
42,751,0,0.5226699113845825,anomaly
42,752,0,0.5259108543395996,anomaly
42,753,0,0.5142507553100586,anomaly
42,754,0,0.5577413439750671,anomaly
42,755,0,0.5370683073997498,anomaly
42,756,0,0.5045760273933411,anomaly
42,758,0,0.511936604976654,anomaly
42,767,0,0.5032317638397217,anomaly
42,768,0,0.5381878018379211,anomaly
42,769,0,0.5143767595291138,anomaly
42,770,0,0.5044350624084473,anomaly
42,771,0,0.5072107315063477,anomaly
42,773,0,0.5092453360557556,anomaly
42,774,0,0.5157356262207031,anomaly
42,775,0,0.5176054239273071,anomaly
42,776,0,0.5632960200309753,anomaly
42,777,0,0.5220260620117188,anomaly
42,784,0,0.5317782163619995,anomaly
42,785,0,0.5211706161499023,anomaly
42,786,0,0.5114246606826782,anomaly
42,792,0,0.5575237274169922,anomaly
42,793,0,0.5471193790435791,anomaly
42,794,0,0.519766092300415,anomaly
42,797,0,0.5028142929077148,anomaly
42,798,0,0.5116422176361084,anomaly
42,799,0,0.5211310982704163,anomaly
42,800,0,0.5237681865692139,anomaly
42,806,0,0.5503746867179871,anomaly
42,807,0,0.5343723893165588,anomaly
42,808,0,0.525541365146637,anomaly
42,809,0,0.520633339881897,anomaly
42,810,0,0.5043458938598633,anomaly
42,811,0,0.503993034362793,anomaly
42,815,0,0.5458746552467346,anomaly
42,816,0,0.5191227197647095,anomaly
42,820,0,0.5018360614776611,anomaly
42,821,0,0.5235962867736816,anomaly
42,822,0,0.5216385722160339,anomaly
42,823,0,0.5111539959907532,anomaly
42,832,0,0.513343870639801,anomaly
42,833,0,0.5022011399269104,anomaly
42,834,0,0.5079652667045593,anomaly
123,1,0,0.5459542274475098,anomaly
123,2,0,0.5262517333030701,anomaly
123,5,0,0.501792311668396,anomaly
123,6,0,0.5002440214157104,anomaly
123,8,0,0.5228918790817261,anomaly
123,9,0,0.5325647592544556,anomaly
123,16,0,0.5158603191375732,anomaly
123,17,0,0.5175180435180664,anomaly
123,18,0,0.5208507776260376,anomaly
123,19,0,0.5278072357177734,anomaly
123,20,0,0.507381796836853,anomaly
123,24,0,0.527596652507782,anomaly
123,25,0,0.5278369188308716,anomaly
123,26,0,0.5048280358314514,anomaly
123,30,0,0.5056240558624268,anomaly
123,31,0,0.5384249091148376,anomaly
123,32,0,0.5005741715431213,anomaly
123,37,0,0.5081694722175598,anomaly
123,38,0,0.5193988084793091,anomaly
123,39,0,0.5220082998275757,anomaly
123,40,0,0.5220941305160522,anomaly
123,41,0,0.5176752805709839,anomaly
123,42,0,0.5186958312988281,anomaly
123,43,0,0.528602123260498,anomaly
123,44,0,0.5243371725082397,anomaly
123,45,0,0.5220402479171753,anomaly
123,46,0,0.5211675763130188,anomaly
123,47,0,0.517153263092041,anomaly
123,48,0,0.5179563760757446,anomaly
123,49,0,0.5137696862220764,anomaly
123,53,0,0.5107275247573853,anomaly
123,54,0,0.529204249382019,anomaly
123,55,0,0.5213323831558228,anomaly
123,65,0,0.5082229375839233,anomaly
123,73,0,0.5223177671432495,anomaly
123,74,0,0.5075407028198242,anomaly
123,80,0,0.5084341168403625,anomaly
123,81,0,0.5281932353973389,anomaly
123,82,0,0.5196954011917114,anomaly
123,83,0,0.5102375745773315,anomaly
123,84,0,0.5008316040039062,anomaly
123,85,0,0.5355789065361023,anomaly
123,86,0,0.514125406742096,anomaly
123,89,0,0.5130716562271118,anomaly
123,90,0,0.5324476957321167,anomaly
123,97,0,0.5348032712936401,anomaly
123,98,0,0.5067123770713806,anomaly
123,102,0,0.5098873376846313,anomaly
123,103,0,0.5166199207305908,anomaly
123,104,0,0.5159999132156372,anomaly
123,105,0,0.5260462164878845,anomaly
123,106,0,0.5209865570068359,anomaly
123,107,0,0.5233942866325378,anomaly
123,108,0,0.5191707015037537,anomaly
123,109,0,0.5103264451026917,anomaly
123,110,0,0.5045461654663086,anomaly
123,112,0,0.5314526557922363,anomaly
123,113,0,0.5338884592056274,anomaly
123,122,0,0.52646803855896,anomaly
123,123,0,0.5122293829917908,anomaly
123,124,0,0.5175601840019226,anomaly
123,125,0,0.5359210968017578,anomaly
123,126,0,0.5121580362319946,anomaly
123,131,0,0.5127804279327393,anomaly
123,132,0,0.5192319750785828,anomaly
123,133,0,0.520217776298523,anomaly
123,134,0,0.5207986831665039,anomaly
123,135,0,0.5203319787979126,anomaly
123,136,0,0.5198426246643066,anomaly
123,137,0,0.5162951946258545,anomaly
123,138,0,0.5177651643753052,anomaly
123,139,0,0.5293843746185303,anomaly
123,140,0,0.5234355926513672,anomaly
123,141,0,0.5185098648071289,anomaly
123,142,0,0.5182312726974487,anomaly
123,143,0,0.5171692371368408,anomaly
123,144,0,0.5100697875022888,anomaly
123,145,0,0.5116968154907227,anomaly
123,146,0,0.5031553506851196,anomaly
123,150,0,0.5011926889419556,anomaly
123,151,0,0.528724193572998,anomaly
123,152,0,0.517227292060852,anomaly
123,157,0,0.527230978012085,anomaly
123,158,0,0.5070659518241882,anomaly
123,161,0,0.5041182041168213,anomaly
123,162,0,0.5137019157409668,anomaly
123,163,0,0.5293163061141968,anomaly
123,164,0,0.5044746398925781,anomaly
123,168,1,0.5314478874206543,anomaly
123,169,1,0.5182985663414001,anomaly
123,174,1,0.5317548513412476,anomaly
123,175,0,0.5226922631263733,anomaly
123,192,0,0.5218088626861572,anomaly
123,193,0,0.5152571201324463,anomaly
123,198,0,0.5023322701454163,anomaly
123,199,0,0.5094276666641235,anomaly
123,200,0,0.5254693031311035,anomaly
123,201,0,0.5244314670562744,anomaly
123,202,0,0.5191521644592285,anomaly
123,203,0,0.5170950889587402,anomaly
123,204,0,0.515964150428772,anomaly
123,205,0,0.5042204856872559,anomaly
123,207,0,0.5110834836959839,anomaly
123,208,0,0.5227876305580139,anomaly
123,209,0,0.5150821208953857,anomaly
123,217,0,0.5178778171539307,anomaly
123,218,0,0.5069878101348877,anomaly
123,224,0,0.5070563554763794,anomaly
123,225,0,0.5099267959594727,anomaly
123,226,0,0.5139610171318054,anomaly
123,227,0,0.5322436690330505,anomaly
123,228,0,0.5224360227584839,anomaly
123,229,0,0.50145024061203,anomaly
123,231,0,0.5105296969413757,anomaly
123,241,0,0.5113041400909424,anomaly
123,242,0,0.5195057392120361,anomaly
123,243,0,0.5132889747619629,anomaly
123,244,0,0.5359640121459961,anomaly
123,245,0,0.5264651775360107,anomaly
123,246,0,0.5090892314910889,anomaly
123,247,0,0.5092012286186218,anomaly
123,248,0,0.518136739730835,anomaly
123,249,0,0.5149171948432922,anomaly
123,250,0,0.512358546257019,anomaly
123,251,0,0.519760012626648,anomaly
123,252,0,0.5134497284889221,anomaly
123,256,0,0.5135761499404907,anomaly
123,257,0,0.5201146602630615,anomaly
123,258,0,0.520346999168396,anomaly
123,259,0,0.5202939510345459,anomaly
123,260,0,0.5194540023803711,anomaly
123,261,0,0.5186273455619812,anomaly
123,262,0,0.5180412530899048,anomaly
123,263,0,0.5256885290145874,anomaly
123,264,0,0.5262260437011719,anomaly
123,265,0,0.5078279972076416,anomaly
123,271,0,0.517808198928833,anomaly
123,272,0,0.5327313542366028,anomaly
123,279,0,0.5053189396858215,anomaly
123,280,0,0.5232940912246704,anomaly
123,281,0,0.5227634906768799,anomaly
123,282,0,0.5006663799285889,anomaly
123,289,0,0.5305333137512207,anomaly
123,290,0,0.5214028358459473,anomaly
123,294,0,0.5057241916656494,anomaly
123,295,0,0.5155693292617798,anomaly
123,296,0,0.5262279510498047,anomaly
123,297,0,0.521113932132721,anomaly
123,298,0,0.5241912603378296,anomaly
123,299,0,0.5157386064529419,anomaly
123,300,0,0.5190043449401855,anomaly
123,301,0,0.5185353755950928,anomaly
123,302,0,0.5078327655792236,anomaly
123,303,0,0.5010594129562378,anomaly
123,305,0,0.5009164810180664,anomaly
123,306,0,0.5250809192657471,anomaly
123,307,0,0.5291980504989624,anomaly
123,313,0,0.5419461727142334,anomaly
123,314,0,0.5184422731399536,anomaly
123,315,0,0.511231541633606,anomaly
123,316,0,0.5366668701171875,anomaly
123,317,0,0.5216965675354004,anomaly
123,319,0,0.5090820789337158,anomaly
123,320,0,0.5121922492980957,anomaly
123,321,0,0.5137131810188293,anomaly
123,322,0,0.5193088054656982,anomaly
123,327,0,0.518284797668457,anomaly
123,328,0,0.5182278156280518,anomaly
123,329,0,0.5026971101760864,anomaly
123,330,0,0.5022469758987427,anomaly
123,331,0,0.5001616477966309,anomaly
123,332,0,0.5208315849304199,anomaly
123,333,0,0.530899703502655,anomaly
123,334,0,0.5179182887077332,anomaly
123,336,0,0.5012801289558411,anomaly
123,337,0,0.5416432619094849,anomaly
123,338,0,0.5192912817001343,anomaly
123,343,0,0.5138537883758545,anomaly
123,344,0,0.5333601236343384,anomaly
123,361,0,0.5376722812652588,anomaly
123,362,0,0.514857292175293,anomaly
123,366,0,0.5110862851142883,anomaly
123,367,0,0.5165826082229614,anomaly
123,368,0,0.5177915096282959,anomaly
123,369,0,0.5106198787689209,anomaly
123,370,0,0.5062812566757202,anomaly
123,371,0,0.5089408159255981,anomaly
123,372,0,0.5111831426620483,anomaly
123,373,0,0.5093194246292114,anomaly
123,374,0,0.5004575848579407,anomaly
123,376,0,0.5125451683998108,anomaly
123,377,0,0.5272618532180786,anomaly
123,378,0,0.518405556678772,anomaly
123,384,0,0.5190581679344177,anomaly
123,385,0,0.5205243825912476,anomaly
123,388,0,0.5069383382797241,anomaly
123,389,0,0.5075098276138306,anomaly
123,390,0,0.5061628818511963,anomaly
123,393,0,0.5088194012641907,anomaly
123,394,0,0.5297423601150513,anomaly
123,395,0,0.5226035118103027,anomaly
123,396,0,0.5172853469848633,anomaly
123,397,0,0.5206094980239868,anomaly
123,398,0,0.505146861076355,anomaly
123,399,0,0.5092518329620361,anomaly
123,400,0,0.5313560962677002,anomaly
123,401,1,0.5187054872512817,anomaly
123,410,1,0.5188242793083191,anomaly
123,411,1,0.5161006450653076,anomaly
123,412,1,0.5220392942428589,anomaly
123,413,1,0.5393954515457153,anomaly
123,420,1,0.5129210948944092,anomaly
123,421,1,0.5145012140274048,anomaly
123,422,1,0.5183073282241821,anomaly
123,423,1,0.5172914266586304,anomaly
123,424,1,0.5175681114196777,anomaly
123,425,1,0.5194261074066162,anomaly
123,426,1,0.5177003145217896,anomaly
123,427,1,0.5163270235061646,anomaly
123,431,1,0.5090763568878174,anomaly
123,432,1,0.51668781042099,anomaly
123,433,1,0.5101500749588013,anomaly
123,434,1,0.5050164461135864,anomaly
123,437,1,0.5212147235870361,anomaly
123,438,1,0.5317553877830505,anomaly
123,455,1,0.5148403644561768,anomaly
123,456,1,0.5158524513244629,anomaly
123,457,1,0.5021407604217529,anomaly
123,462,1,0.5202335715293884,anomaly
123,463,1,0.5263136625289917,anomaly
123,468,1,0.5156575441360474,anomaly
123,469,1,0.5190944671630859,anomaly
123,480,0,0.5022169351577759,anomaly
123,481,0,0.5174244046211243,anomaly
123,487,0,0.5035881996154785,anomaly
123,488,0,0.5402213335037231,anomaly
123,495,0,0.5010724067687988,anomaly
123,496,0,0.5148485898971558,anomaly
123,497,0,0.5097724199295044,anomaly
123,504,0,0.5157139301300049,anomaly
123,505,0,0.5252367258071899,anomaly
123,511,0,0.501275897026062,anomaly
123,512,0,0.5288869142532349,anomaly
123,513,0,0.5201215744018555,anomaly
123,522,0,0.507051944732666,anomaly
123,523,0,0.5078613758087158,anomaly
123,524,0,0.5007645487785339,anomaly
123,528,0,0.5176429748535156,anomaly
123,529,0,0.508694052696228,anomaly
123,534,0,0.5136972665786743,anomaly
123,535,0,0.5179694890975952,anomaly
123,536,0,0.528475284576416,anomaly
123,553,0,0.5270718336105347,anomaly
123,554,0,0.5222245454788208,anomaly
123,559,0,0.5000354051589966,anomaly
123,560,0,0.5250375270843506,anomaly
123,561,0,0.5283474922180176,anomaly
123,562,0,0.51729416847229,anomaly
123,563,0,0.5157443284988403,anomaly
123,564,0,0.5191100835800171,anomaly
123,565,0,0.5166974067687988,anomaly
123,566,0,0.5087658166885376,anomaly
123,570,0,0.5342492461204529,anomaly
123,571,0,0.5331867933273315,anomaly
123,577,0,0.5428239107131958,anomaly
123,578,0,0.5258376002311707,anomaly
123,584,0,0.5088181495666504,anomaly
123,585,0,0.5363613367080688,anomaly
123,601,0,0.5216981172561646,anomaly
123,602,0,0.5231963396072388,anomaly
123,603,0,0.5030906200408936,anomaly
123,604,0,0.5218337774276733,anomaly
123,605,0,0.527119517326355,anomaly
123,606,0,0.5222201347351074,anomaly
123,607,0,0.5208693146705627,anomaly
123,608,0,0.530940592288971,anomaly
123,609,0,0.5235046148300171,anomaly
123,610,0,0.5077754259109497,anomaly
123,611,0,0.5103912949562073,anomaly
123,612,0,0.5172662138938904,anomaly
123,613,0,0.5061524510383606,anomaly
123,616,0,0.5008466243743896,anomaly
123,617,0,0.5043642520904541,anomaly
123,618,0,0.5146218538284302,anomaly
123,619,0,0.5194143056869507,anomaly
123,620,0,0.5291301608085632,anomaly
123,621,0,0.5182859897613525,anomaly
123,622,0,0.5167690515518188,anomaly
123,623,0,0.5169717073440552,anomaly
123,624,0,0.5134336948394775,anomaly
123,629,0,0.5046553015708923,anomaly
123,630,0,0.5181785821914673,anomaly
123,631,0,0.5200352668762207,anomaly
123,632,0,0.5217781066894531,anomaly
123,633,0,0.5221609473228455,anomaly
123,642,0,0.5060579180717468,anomaly
123,643,0,0.5085486769676208,anomaly
123,649,0,0.5355554819107056,anomaly
123,650,0,0.5203565359115601,anomaly
123,656,0,0.5007284879684448,anomaly
123,657,0,0.525310218334198,anomaly
123,658,0,0.5276296138763428,anomaly
123,659,0,0.5101852416992188,anomaly
123,660,0,0.5143944025039673,anomaly
123,661,0,0.5198646783828735,anomaly
123,662,0,0.5017722845077515,anomaly
123,665,0,0.5000425577163696,anomaly
123,666,0,0.5285534858703613,anomaly
123,667,0,0.511498749256134,anomaly
123,673,0,0.5366176962852478,anomaly
123,674,0,0.50333571434021,anomaly
123,678,0,0.522696852684021,anomaly
123,679,0,0.52398681640625,anomaly
123,680,0,0.5206637978553772,anomaly
123,681,0,0.5116130113601685,anomaly
123,682,0,0.5015515685081482,anomaly
123,689,0,0.5056225061416626,anomaly
123,690,0,0.5093164443969727,anomaly
123,695,0,0.5165600776672363,anomaly
123,696,0,0.5128576755523682,anomaly
123,704,0,0.5313782691955566,anomaly
123,705,0,0.5216760039329529,anomaly
123,712,0,0.5167850852012634,anomaly
123,713,0,0.516919732093811,anomaly
123,714,0,0.5110576152801514,anomaly
123,715,0,0.5169730186462402,anomaly
123,716,0,0.5312055945396423,anomaly
123,717,0,0.5174994468688965,anomaly
123,721,0,0.5444446206092834,anomaly
123,722,0,0.5219953060150146,anomaly
123,728,0,0.5418331623077393,anomaly
123,729,0,0.5009064674377441,anomaly
123,735,0,0.5074387788772583,anomaly
123,736,0,0.5168347954750061,anomaly
123,745,0,0.5293327569961548,anomaly
123,746,0,0.5025894641876221,anomaly
123,750,0,0.5112515687942505,anomaly
123,751,0,0.5156315565109253,anomaly
123,752,0,0.5107861757278442,anomaly
123,754,0,0.5382546782493591,anomaly
123,755,0,0.5346559286117554,anomaly
123,756,0,0.5077508091926575,anomaly
123,758,0,0.5101679563522339,anomaly
123,759,0,0.5158739686012268,anomaly
123,760,0,0.5088289976119995,anomaly
123,767,0,0.5047894716262817,anomaly
123,768,0,0.519752025604248,anomaly
123,769,0,0.5083467364311218,anomaly
123,774,0,0.5008381605148315,anomaly
123,775,0,0.5063064098358154,anomaly
123,776,0,0.526034951210022,anomaly
123,784,0,0.509569525718689,anomaly
123,785,0,0.521816611289978,anomaly
123,786,0,0.5211073160171509,anomaly
123,792,0,0.5251996517181396,anomaly
123,793,0,0.519906759262085,anomaly
123,794,0,0.5064769983291626,anomaly
123,799,0,0.5134515166282654,anomaly
123,800,0,0.5288149118423462,anomaly
123,806,0,0.5181267857551575,anomaly
123,807,0,0.5217794179916382,anomaly
123,808,0,0.5266025066375732,anomaly
123,809,0,0.5256760716438293,anomaly
123,810,0,0.5144453048706055,anomaly
123,811,0,0.5141106843948364,anomaly
123,812,0,0.5089828968048096,anomaly
123,815,0,0.5156794190406799,anomaly
123,816,0,0.5255855917930603,anomaly
123,821,0,0.5129061341285706,anomaly
123,822,0,0.5278095006942749,anomaly
123,823,0,0.5237059593200684,anomaly
123,834,0,0.5061399936676025,anomaly
123,835,0,0.5023579001426697,anomaly
2026,1,0,0.5351667404174805,anomaly
2026,7,0,0.5033018589019775,anomaly
2026,8,0,0.5140519738197327,anomaly
2026,9,0,0.5220120549201965,anomaly
2026,15,0,0.5430208444595337,anomaly
2026,16,0,0.5595225691795349,anomaly
2026,17,0,0.5291450619697571,anomaly
2026,18,0,0.5229797959327698,anomaly
2026,19,0,0.5198249220848083,anomaly
2026,20,0,0.5004384517669678,anomaly
2026,24,0,0.5526038408279419,anomaly
2026,30,0,0.5166200995445251,anomaly
2026,31,0,0.5281478762626648,anomaly
2026,37,0,0.5433076024055481,anomaly
2026,38,0,0.5352208614349365,anomaly
2026,39,0,0.5312536358833313,anomaly
2026,40,0,0.529039740562439,anomaly
2026,41,0,0.5279312133789062,anomaly
2026,42,0,0.5433260202407837,anomaly
2026,43,0,0.5316596031188965,anomaly
2026,44,0,0.5420791506767273,anomaly
2026,45,0,0.5376425981521606,anomaly
2026,46,0,0.539741039276123,anomaly
2026,47,0,0.525873064994812,anomaly
2026,48,0,0.5332691669464111,anomaly
2026,49,0,0.5065947771072388,anomaly
2026,53,0,0.5065520405769348,anomaly
2026,54,0,0.5233609676361084,anomaly
2026,55,0,0.5394139289855957,anomaly
2026,64,0,0.5053250193595886,anomaly
2026,65,0,0.5114476680755615,anomaly
2026,72,0,0.5240179300308228,anomaly
2026,73,0,0.5565610527992249,anomaly
2026,74,0,0.511397659778595,anomaly
2026,80,0,0.5086662769317627,anomaly
2026,81,0,0.5237363576889038,anomaly
2026,82,0,0.5146207213401794,anomaly
2026,83,0,0.5068908929824829,anomaly
2026,84,0,0.5025203227996826,anomaly
2026,85,0,0.541662335395813,anomaly
2026,86,0,0.5264556407928467,anomaly
2026,89,0,0.5121444463729858,anomaly
2026,90,0,0.52310711145401,anomaly
2026,96,0,0.5316221117973328,anomaly
2026,97,0,0.5252724885940552,anomaly
2026,102,0,0.5165866613388062,anomaly
2026,103,0,0.5252035856246948,anomaly
2026,104,0,0.5324413180351257,anomaly
2026,105,0,0.5278458595275879,anomaly
2026,106,0,0.535274088382721,anomaly
2026,107,0,0.533010721206665,anomaly
2026,108,0,0.5423438549041748,anomaly
2026,109,0,0.5283596515655518,anomaly
2026,110,0,0.5239437818527222,anomaly
2026,112,0,0.5315679311752319,anomaly
2026,113,0,0.534435510635376,anomaly
2026,121,0,0.5086830854415894,anomaly
2026,122,0,0.5482848882675171,anomaly
2026,123,0,0.5313678979873657,anomaly
2026,124,0,0.5250488519668579,anomaly
2026,125,0,0.5232875347137451,anomaly
2026,126,0,0.5033345222473145,anomaly
2026,130,0,0.5168977379798889,anomaly
2026,131,0,0.535559892654419,anomaly
2026,132,0,0.5334698557853699,anomaly
2026,133,0,0.5319133996963501,anomaly
2026,134,0,0.5316060781478882,anomaly
2026,135,0,0.5324655771255493,anomaly
2026,136,0,0.5332200527191162,anomaly
2026,137,0,0.538010835647583,anomaly
2026,138,0,0.5320193767547607,anomaly
2026,139,0,0.5266040563583374,anomaly
2026,140,0,0.5332667231559753,anomaly
2026,141,0,0.5392440557479858,anomaly
2026,142,0,0.5403729677200317,anomaly
2026,143,0,0.533352255821228,anomaly
2026,144,0,0.5288354158401489,anomaly
2026,145,0,0.5254049301147461,anomaly
2026,146,0,0.5148876905441284,anomaly
2026,151,0,0.5243631601333618,anomaly
2026,152,0,0.5021774172782898,anomaly
2026,156,0,0.5060882568359375,anomaly
2026,157,0,0.5569359064102173,anomaly
2026,158,0,0.5259801149368286,anomaly
2026,161,0,0.512256383895874,anomaly
2026,162,0,0.5190925002098083,anomaly
2026,163,0,0.5239559412002563,anomaly
2026,168,1,0.5523096323013306,anomaly
2026,169,1,0.5078163146972656,anomaly
2026,173,1,0.501665472984314,anomaly
2026,174,1,0.5232166051864624,anomaly
2026,175,0,0.5121455192565918,anomaly
2026,192,0,0.5567790269851685,anomaly
2026,193,0,0.5333337783813477,anomaly
2026,194,0,0.5018450021743774,anomaly
2026,197,0,0.5045875310897827,anomaly
2026,198,0,0.5135275721549988,anomaly
2026,199,0,0.5196021795272827,anomaly
2026,200,0,0.5225192308425903,anomaly
2026,201,0,0.5220855474472046,anomaly
2026,202,0,0.5366909503936768,anomaly
2026,203,0,0.5443224310874939,anomaly
2026,204,0,0.5399237871170044,anomaly
2026,205,0,0.5057116150856018,anomaly
2026,206,0,0.5068790316581726,anomaly
2026,207,0,0.5101724863052368,anomaly
2026,208,0,0.517105221748352,anomaly
2026,216,0,0.5166605114936829,anomaly
2026,217,0,0.5569019317626953,anomaly
2026,218,0,0.5125901699066162,anomaly
2026,224,0,0.5083413124084473,anomaly
2026,225,0,0.511048436164856,anomaly
2026,226,0,0.5292903184890747,anomaly
2026,227,0,0.5293285846710205,anomaly
2026,228,0,0.5226355195045471,anomaly
2026,229,0,0.5120795369148254,anomaly
2026,230,0,0.525513768196106,anomaly
2026,231,0,0.516980767250061,anomaly
2026,241,0,0.551907479763031,anomaly
2026,242,0,0.5412541627883911,anomaly
2026,243,0,0.525138795375824,anomaly
2026,244,0,0.5251253843307495,anomaly
2026,245,0,0.5344454050064087,anomaly
2026,246,0,0.5235579013824463,anomaly
2026,247,0,0.5294829607009888,anomaly
2026,248,0,0.5270320177078247,anomaly
2026,249,0,0.5098264813423157,anomaly
2026,250,0,0.5254155993461609,anomaly
2026,251,0,0.5494413375854492,anomaly
2026,252,0,0.5430549383163452,anomaly
2026,253,0,0.5125229954719543,anomaly
2026,255,0,0.5059984922409058,anomaly
2026,256,0,0.5143532156944275,anomaly
2026,257,0,0.5253962278366089,anomaly
2026,258,0,0.5322432518005371,anomaly
2026,259,0,0.5315680503845215,anomaly
2026,260,0,0.5333881378173828,anomaly
2026,261,0,0.5344922542572021,anomaly
2026,262,0,0.5343413949012756,anomaly
2026,263,0,0.5268235206604004,anomaly
2026,264,0,0.5206727981567383,anomaly
2026,265,0,0.5135700106620789,anomaly
2026,271,0,0.5176299810409546,anomaly
2026,272,0,0.5240197777748108,anomaly
2026,278,0,0.5236386656761169,anomaly
2026,279,0,0.5456932783126831,anomaly
2026,280,0,0.5309892892837524,anomaly
2026,281,0,0.5247986316680908,anomaly
2026,289,0,0.5537561178207397,anomaly
2026,294,0,0.5070124864578247,anomaly
2026,295,0,0.5240353345870972,anomaly
2026,296,0,0.5247037410736084,anomaly
2026,297,0,0.5376570820808411,anomaly
2026,298,0,0.52779221534729,anomaly
2026,299,0,0.5190512537956238,anomaly
2026,300,0,0.5374761819839478,anomaly
2026,301,0,0.5510114431381226,anomaly
2026,302,0,0.5297833681106567,anomaly
2026,303,0,0.5128438472747803,anomaly
2026,304,0,0.5072494745254517,anomaly
2026,305,0,0.5124294757843018,anomaly
2026,306,0,0.5267462730407715,anomaly
2026,307,0,0.5160515904426575,anomaly
2026,312,0,0.5019257068634033,anomaly
2026,313,0,0.5333245396614075,anomaly
2026,315,0,0.5078369379043579,anomaly
2026,316,0,0.5213353633880615,anomaly
2026,317,0,0.5293759703636169,anomaly
2026,319,0,0.5388595461845398,anomaly
2026,320,0,0.5290193557739258,anomaly
2026,321,0,0.5191936492919922,anomaly
2026,322,0,0.5357249975204468,anomaly
2026,326,0,0.5269584059715271,anomaly
2026,327,0,0.5616240501403809,anomaly
2026,328,0,0.5399038791656494,anomaly
2026,329,0,0.5104672908782959,anomaly
2026,330,0,0.5170223116874695,anomaly
2026,331,0,0.5186094045639038,anomaly
2026,332,0,0.5222800970077515,anomaly
2026,333,0,0.5255386829376221,anomaly
2026,334,0,0.514904797077179,anomaly
2026,336,0,0.5221832394599915,anomaly
2026,337,0,0.5188357830047607,anomaly
2026,343,0,0.5163724422454834,anomaly
2026,344,0,0.5246530771255493,anomaly
2026,360,0,0.5146365165710449,anomaly
2026,361,0,0.5347540378570557,anomaly
2026,366,0,0.5181615352630615,anomaly
2026,367,0,0.5259186625480652,anomaly
2026,368,0,0.5327105522155762,anomaly
2026,369,0,0.5274313688278198,anomaly
2026,370,0,0.5216478109359741,anomaly
2026,371,0,0.5178094506263733,anomaly
2026,372,0,0.5172653794288635,anomaly
2026,373,0,0.525715708732605,anomaly
2026,374,0,0.5042812824249268,anomaly
2026,375,0,0.506462812423706,anomaly
2026,376,0,0.5100191831588745,anomaly
2026,377,0,0.522000789642334,anomaly
2026,378,0,0.5124890804290771,anomaly
2026,384,0,0.5544590950012207,anomaly
2026,385,0,0.5313593745231628,anomaly
2026,388,0,0.5051641464233398,anomaly
2026,389,0,0.5125483870506287,anomaly
2026,394,0,0.5249471664428711,anomaly
2026,395,0,0.5399783253669739,anomaly
2026,396,0,0.5326575040817261,anomaly
2026,397,0,0.5448020696640015,anomaly
2026,398,0,0.5177973508834839,anomaly
2026,399,0,0.5215047597885132,anomaly
2026,400,0,0.5222103595733643,anomaly
2026,401,1,0.5091477632522583,anomaly
2026,410,1,0.5562220215797424,anomaly
2026,411,1,0.5475336909294128,anomaly
2026,412,1,0.5264330506324768,anomaly
2026,413,1,0.5277928113937378,anomaly
2026,419,1,0.5211588740348816,anomaly
2026,420,1,0.5188072919845581,anomaly
2026,421,1,0.5175908803939819,anomaly
2026,422,1,0.5352452993392944,anomaly
2026,423,1,0.5237274169921875,anomaly
2026,424,1,0.5202220678329468,anomaly
2026,425,1,0.5383585691452026,anomaly
2026,426,1,0.5289909839630127,anomaly
2026,427,1,0.5049288272857666,anomaly
2026,431,1,0.5523768663406372,anomaly
2026,432,1,0.550784707069397,anomaly
2026,433,1,0.5261147618293762,anomaly
2026,437,1,0.5055200457572937,anomaly
2026,438,1,0.5224044919013977,anomaly
2026,455,1,0.5556107759475708,anomaly
2026,456,1,0.5454815030097961,anomaly
2026,457,1,0.5122909545898438,anomaly
2026,461,1,0.5027323961257935,anomaly
2026,462,1,0.5149056911468506,anomaly
2026,463,1,0.5282480716705322,anomaly
2026,467,1,0.5238795280456543,anomaly
2026,468,1,0.558169960975647,anomaly
2026,469,1,0.5396131277084351,anomaly
2026,470,1,0.5170601606369019,anomaly
2026,480,0,0.54887855052948,anomaly
2026,481,0,0.5573582649230957,anomaly
2026,482,0,0.5120764970779419,anomaly
2026,488,0,0.526686429977417,anomaly
2026,495,0,0.5155298113822937,anomaly
2026,496,0,0.5253980159759521,anomaly
2026,504,0,0.55872642993927,anomaly
2026,505,0,0.5044559836387634,anomaly
2026,511,0,0.5027101039886475,anomaly
2026,512,0,0.5225188732147217,anomaly
2026,513,0,0.5106881856918335,anomaly
2026,521,0,0.5066980719566345,anomaly
2026,522,0,0.5123063921928406,anomaly
2026,523,0,0.5139997005462646,anomaly
2026,527,0,0.5152268409729004,anomaly
2026,528,0,0.5536530613899231,anomaly
2026,529,0,0.5201948881149292,anomaly
2026,534,0,0.5126811265945435,anomaly
2026,535,0,0.5255865454673767,anomaly
2026,536,0,0.5254912376403809,anomaly
2026,553,0,0.5552211403846741,anomaly
2026,559,0,0.5088862180709839,anomaly
2026,560,0,0.5202200412750244,anomaly
2026,561,0,0.5240882635116577,anomaly
2026,562,0,0.5363391041755676,anomaly
2026,563,0,0.5288986563682556,anomaly
2026,564,0,0.5368618965148926,anomaly
2026,565,0,0.5392764806747437,anomaly
2026,566,0,0.5324344635009766,anomaly
2026,567,0,0.508950412273407,anomaly
2026,570,0,0.5344981551170349,anomaly
2026,571,0,0.541725754737854,anomaly
2026,577,0,0.537949800491333,anomaly
2026,583,0,0.5017505884170532,anomaly
2026,584,0,0.5105992555618286,anomaly
2026,585,0,0.5232384204864502,anomaly
2026,601,0,0.5453954935073853,anomaly
2026,602,0,0.5439677238464355,anomaly
2026,603,0,0.5184298753738403,anomaly
2026,604,0,0.5158611536026001,anomaly
2026,605,0,0.528602123260498,anomaly
2026,606,0,0.5457409620285034,anomaly
2026,607,0,0.5444707870483398,anomaly
2026,608,0,0.5273524522781372,anomaly
2026,609,0,0.5180063247680664,anomaly
2026,610,0,0.5224371552467346,anomaly
2026,611,0,0.5366705060005188,anomaly
2026,612,0,0.5472593903541565,anomaly
2026,613,0,0.5211268663406372,anomaly
2026,614,0,0.5062547326087952,anomaly
2026,615,0,0.5020747184753418,anomaly
2026,616,0,0.5058575868606567,anomaly
2026,617,0,0.517765998840332,anomaly
2026,618,0,0.5267037153244019,anomaly
2026,619,0,0.5272313356399536,anomaly
2026,620,0,0.5228500366210938,anomaly
2026,621,0,0.5291588306427002,anomaly
2026,622,0,0.5359673500061035,anomaly
2026,623,0,0.5418121814727783,anomaly
2026,624,0,0.5277605652809143,anomaly
2026,629,0,0.5130568742752075,anomaly
2026,630,0,0.5254184603691101,anomaly
2026,631,0,0.5290765762329102,anomaly
2026,632,0,0.5294003486633301,anomaly
2026,633,0,0.5104551315307617,anomaly
2026,641,0,0.5115658044815063,anomaly
2026,642,0,0.5227367877960205,anomaly
2026,649,0,0.5499032139778137,anomaly
2026,650,0,0.5108007788658142,anomaly
2026,656,0,0.5092202425003052,anomaly
2026,657,0,0.521636426448822,anomaly
2026,658,0,0.5227223634719849,anomaly
2026,659,0,0.5062142610549927,anomaly
2026,660,0,0.5413663387298584,anomaly
2026,661,0,0.5442239046096802,anomaly
2026,662,0,0.5180147886276245,anomaly
2026,665,0,0.5033421516418457,anomaly
2026,666,0,0.5200350284576416,anomaly
2026,672,0,0.5223108530044556,anomaly
2026,673,0,0.5262225866317749,anomaly
2026,678,0,0.5198156833648682,anomaly
2026,679,0,0.5284472703933716,anomaly
2026,680,0,0.533840537071228,anomaly
2026,681,0,0.5001943707466125,anomaly
2026,683,0,0.5130671262741089,anomaly
2026,688,0,0.5119490623474121,anomaly
2026,689,0,0.5091436505317688,anomaly
2026,690,0,0.5018384456634521,anomaly
2026,694,0,0.510769248008728,anomaly
2026,695,0,0.5535441637039185,anomaly
2026,696,0,0.5318816900253296,anomaly
2026,702,0,0.5039639472961426,anomaly
2026,704,0,0.5209301114082336,anomaly
2026,705,0,0.5118538737297058,anomaly
2026,711,0,0.5133448839187622,anomaly
2026,712,0,0.5408109426498413,anomaly
2026,713,0,0.5436846017837524,anomaly
2026,714,0,0.5334867238998413,anomaly
2026,715,0,0.523260772228241,anomaly
2026,716,0,0.5224776268005371,anomaly
2026,717,0,0.5049185752868652,anomaly
2026,720,0,0.5074945092201233,anomaly
2026,721,0,0.5238884687423706,anomaly
2026,728,0,0.5363602638244629,anomaly
2026,729,0,0.5249118208885193,anomaly
2026,734,0,0.5015088319778442,anomaly
2026,735,0,0.5342723727226257,anomaly
2026,736,0,0.5035102963447571,anomaly
2026,744,0,0.5459637641906738,anomaly
2026,745,0,0.5205684304237366,anomaly
2026,750,0,0.5169165134429932,anomaly
2026,751,0,0.5260478258132935,anomaly
2026,752,0,0.528963565826416,anomaly
2026,753,0,0.5120634436607361,anomaly
2026,754,0,0.5372065901756287,anomaly
2026,755,0,0.5365146398544312,anomaly
2026,756,0,0.5214941501617432,anomaly
2026,757,0,0.5149233341217041,anomaly
2026,758,0,0.5351438522338867,anomaly
2026,759,0,0.5147867202758789,anomaly
2026,767,0,0.5282147526741028,anomaly
2026,768,0,0.5459975004196167,anomaly
2026,769,0,0.5107759237289429,anomaly
2026,774,0,0.5046162605285645,anomaly
2026,775,0,0.5056384801864624,anomaly
2026,776,0,0.5203866958618164,anomaly
2026,784,0,0.5504624843597412,anomaly
2026,785,0,0.5357832908630371,anomaly
2026,786,0,0.5129498243331909,anomaly
2026,792,0,0.5481613874435425,anomaly
2026,793,0,0.5517032146453857,anomaly
2026,794,0,0.515312671661377,anomaly
2026,799,0,0.5126539468765259,anomaly
2026,800,0,0.5151808261871338,anomaly
2026,806,0,0.5551031827926636,anomaly
2026,807,0,0.5481345653533936,anomaly
2026,808,0,0.5334600806236267,anomaly
2026,809,0,0.5283448696136475,anomaly
2026,810,0,0.5209518671035767,anomaly
2026,811,0,0.5215412378311157,anomaly
2026,815,0,0.5552663803100586,anomaly
2026,816,0,0.5069810152053833,anomaly
2026,821,0,0.5119451284408569,anomaly
2026,822,0,0.526030421257019,anomaly
2026,823,0,0.5211437940597534,anomaly
2026,832,0,0.5140296220779419,anomaly
2026,833,0,0.508899986743927,anomaly
2026,834,0,0.5250043869018555,anomaly
2026,835,0,0.5012878775596619,anomaly
7,1,0,0.548396110534668,anomaly
7,2,0,0.5213100910186768,anomaly
7,3,0,0.5214863419532776,anomaly
7,4,0,0.504880964756012,anomaly
7,6,0,0.5020335912704468,anomaly
7,7,0,0.5141353011131287,anomaly
7,8,0,0.5080555081367493,anomaly
7,15,0,0.5192464590072632,anomaly
7,16,0,0.5290073156356812,anomaly
7,17,0,0.5144652128219604,anomaly
7,18,0,0.5066494941711426,anomaly
7,24,0,0.5325517654418945,anomaly
7,25,0,0.5208956599235535,anomaly
7,27,0,0.5025573968887329,anomaly
7,28,0,0.5006493330001831,anomaly
7,29,0,0.5007203221321106,anomaly
7,30,0,0.5094990730285645,anomaly
7,37,0,0.5125640034675598,anomaly
7,38,0,0.5076411962509155,anomaly
7,39,0,0.5038315057754517,anomaly
7,40,0,0.5034580230712891,anomaly
7,41,0,0.5024999380111694,anomaly
7,42,0,0.5169593691825867,anomaly
7,43,0,0.5038178563117981,anomaly
7,44,0,0.519146740436554,anomaly
7,45,0,0.5173674821853638,anomaly
7,46,0,0.5155515074729919,anomaly
7,47,0,0.5089284181594849,anomaly
7,48,0,0.512719988822937,anomaly
7,49,0,0.507027268409729,anomaly
7,50,0,0.5013206601142883,anomaly
7,53,0,0.5083900690078735,anomaly
7,55,0,0.5100691318511963,anomaly
7,72,0,0.5057587623596191,anomaly
7,73,0,0.5335639119148254,anomaly
7,74,0,0.5147014856338501,anomaly
7,75,0,0.5031808018684387,anomaly
7,79,0,0.5051467418670654,anomaly
7,80,0,0.505805492401123,anomaly
7,81,0,0.5006310939788818,anomaly
7,85,0,0.532494068145752,anomaly
7,86,0,0.5274834632873535,anomaly
7,87,0,0.5000694990158081,anomaly
7,89,0,0.510225772857666,anomaly
7,96,0,0.5068857669830322,anomaly
7,97,0,0.5329904556274414,anomaly
7,99,0,0.5044987201690674,anomaly
7,101,0,0.5055451989173889,anomaly
7,102,0,0.5077024698257446,anomaly
7,103,0,0.5093493461608887,anomaly
7,104,0,0.5134090185165405,anomaly
7,105,0,0.5071943998336792,anomaly
7,106,0,0.5115395188331604,anomaly
7,107,0,0.5080393552780151,anomaly
7,108,0,0.5154988765716553,anomaly
7,109,0,0.5132434368133545,anomaly
7,110,0,0.5162515640258789,anomaly
7,112,0,0.5144586563110352,anomaly
7,122,0,0.5265374183654785,anomaly
7,123,0,0.5232892036437988,anomaly
7,124,0,0.5165811777114868,anomaly
7,131,0,0.5060948133468628,anomaly
7,132,0,0.5090250968933105,anomaly
7,133,0,0.5074959397315979,anomaly
7,134,0,0.5068570971488953,anomaly
7,135,0,0.5076170563697815,anomaly
7,136,0,0.5085119009017944,anomaly
7,137,0,0.5163974761962891,anomaly
7,138,0,0.5150781869888306,anomaly
7,139,0,0.5018937587738037,anomaly
7,140,0,0.5056859850883484,anomaly
7,141,0,0.5109310746192932,anomaly
7,142,0,0.5129104852676392,anomaly
7,143,0,0.5123900175094604,anomaly
7,144,0,0.5132330656051636,anomaly
7,145,0,0.5154380798339844,anomaly
7,146,0,0.5069518685340881,anomaly
7,148,0,0.5115963220596313,anomaly
7,149,0,0.50318843126297,anomaly
7,150,0,0.504112720489502,anomaly
7,151,0,0.5051950812339783,anomaly
7,156,0,0.5142074823379517,anomaly
7,157,0,0.5440540313720703,anomaly
7,158,0,0.5233520865440369,anomaly
7,161,0,0.509798526763916,anomaly
7,162,0,0.5078309774398804,anomaly
7,163,0,0.5002400875091553,anomaly
7,168,1,0.5483095645904541,anomaly
7,169,1,0.5233857035636902,anomaly
7,173,1,0.5065155029296875,anomaly
7,174,1,0.5018830299377441,anomaly
7,192,0,0.5322036743164062,anomaly
7,193,0,0.5249689817428589,anomaly
7,194,0,0.5070286989212036,anomaly
7,196,0,0.5044829249382019,anomaly
7,198,0,0.5099577903747559,anomaly
7,199,0,0.5106825232505798,anomaly
7,200,0,0.5052659511566162,anomaly
7,202,0,0.508391261100769,anomaly
7,203,0,0.515904426574707,anomaly
7,204,0,0.5167074203491211,anomaly
7,205,0,0.5037354826927185,anomaly
7,206,0,0.5137959718704224,anomaly
7,207,0,0.511103630065918,anomaly
7,208,0,0.50428307056427,anomaly
7,217,0,0.5253473520278931,anomaly
7,218,0,0.5100967288017273,anomaly
7,219,0,0.5039576292037964,anomaly
7,224,0,0.5122771263122559,anomaly
7,225,0,0.5045872926712036,anomaly
7,226,0,0.5124329328536987,anomaly
7,241,0,0.5340429544448853,anomaly
7,242,0,0.5322082042694092,anomaly
7,243,0,0.5203526020050049,anomaly
7,244,0,0.5006507635116577,anomaly
7,245,0,0.5003021955490112,anomaly
7,248,0,0.5003718733787537,anomaly
7,251,0,0.5205793976783752,anomaly
7,252,0,0.5237815380096436,anomaly
7,253,0,0.5089797377586365,anomaly
7,255,0,0.5091153979301453,anomaly
7,256,0,0.5070168972015381,anomaly
7,257,0,0.5075913667678833,anomaly
7,258,0,0.5094136595726013,anomaly
7,259,0,0.5080544948577881,anomaly
7,260,0,0.5092004537582397,anomaly
7,261,0,0.5115455389022827,anomaly
7,262,0,0.5126485824584961,anomaly
7,263,0,0.5043989419937134,anomaly
7,264,0,0.5161088109016418,anomaly
7,265,0,0.5183444619178772,anomaly
7,266,0,0.509070873260498,anomaly
7,269,0,0.5029153227806091,anomaly
7,271,0,0.5112565755844116,anomaly
7,278,0,0.5109138488769531,anomaly
7,279,0,0.5061676502227783,anomaly
7,280,0,0.5014439821243286,anomaly
7,289,0,0.537574052810669,anomaly
7,290,0,0.5183890461921692,anomaly
7,293,0,0.5036789178848267,anomaly
7,294,0,0.504909336566925,anomaly
7,295,0,0.5087573528289795,anomaly
7,296,0,0.5012686252593994,anomaly
7,297,0,0.5103282928466797,anomaly
7,300,0,0.5081450939178467,anomaly
7,301,0,0.5237523317337036,anomaly
7,302,0,0.5178114175796509,anomaly
7,303,0,0.5110682249069214,anomaly
7,304,0,0.5043308734893799,anomaly
7,305,0,0.5055651664733887,anomaly
7,306,0,0.5104550123214722,anomaly
7,313,0,0.543606162071228,anomaly
7,314,0,0.5117260217666626,anomaly
7,315,0,0.5233943462371826,anomaly
7,316,0,0.5018490552902222,anomaly
7,319,0,0.5181060433387756,anomaly
7,322,0,0.5007036924362183,anomaly
7,326,0,0.5203853249549866,anomaly
7,327,0,0.5359504222869873,anomaly
7,328,0,0.521765947341919,anomaly
7,329,0,0.5042673349380493,anomaly
7,330,0,0.5084679126739502,anomaly
7,331,0,0.5104094743728638,anomaly
7,332,0,0.511001706123352,anomaly
7,337,0,0.5353321433067322,anomaly
7,338,0,0.5088891983032227,anomaly
7,339,0,0.5110214948654175,anomaly
7,340,0,0.5004459619522095,anomaly
7,343,0,0.5142397880554199,anomaly
7,344,0,0.5000921487808228,anomaly
7,360,0,0.5023214817047119,anomaly
7,361,0,0.5406374335289001,anomaly
7,362,0,0.5100840330123901,anomaly
7,363,0,0.5045832395553589,anomaly
7,365,0,0.5060281753540039,anomaly
7,366,0,0.5078961849212646,anomaly
7,367,0,0.5091116428375244,anomaly
7,368,0,0.5121243000030518,anomaly
7,369,0,0.5130667686462402,anomaly
7,370,0,0.5148848295211792,anomaly
7,371,0,0.5109549760818481,anomaly
7,372,0,0.5073229074478149,anomaly
7,373,0,0.511048436164856,anomaly
7,374,0,0.5033940076828003,anomaly
7,375,0,0.5131849646568298,anomaly
7,376,0,0.5082834362983704,anomaly
7,377,0,0.5020631551742554,anomaly
7,384,0,0.5319103002548218,anomaly
7,385,0,0.5284644365310669,anomaly
7,386,0,0.5076591372489929,anomaly
7,387,0,0.5067433714866638,anomaly
7,388,0,0.5050432682037354,anomaly
7,389,0,0.5042248964309692,anomaly
7,391,0,0.5054062604904175,anomaly
7,393,0,0.5105016231536865,anomaly
7,394,0,0.5012410879135132,anomaly
7,395,0,0.5108612775802612,anomaly
7,396,0,0.5044769048690796,anomaly
7,397,0,0.5205166935920715,anomaly
7,398,0,0.5109949111938477,anomaly
7,399,0,0.5184693336486816,anomaly
7,400,0,0.5043730735778809,anomaly
7,410,1,0.5397439002990723,anomaly
7,411,1,0.5331494808197021,anomaly
7,412,1,0.5158822536468506,anomaly
7,422,1,0.5075568556785583,anomaly
7,425,1,0.5101903676986694,anomaly
7,426,1,0.502526044845581,anomaly
7,431,1,0.5199856758117676,anomaly
7,432,1,0.5230252742767334,anomaly
7,433,1,0.5134501457214355,anomaly
7,436,1,0.5125174522399902,anomaly
7,437,1,0.5084941387176514,anomaly
7,455,1,0.5410192012786865,anomaly
7,456,1,0.5331895351409912,anomaly
7,457,1,0.5141451358795166,anomaly
7,461,1,0.5107578039169312,anomaly
7,462,1,0.5051113367080688,anomaly
7,463,1,0.501561164855957,anomaly
7,467,1,0.5224813222885132,anomaly
7,468,1,0.5280376672744751,anomaly
7,480,0,0.5226582288742065,anomaly
7,481,0,0.5334649682044983,anomaly
7,482,0,0.5108472108840942,anomaly
7,487,0,0.5100983381271362,anomaly
7,496,0,0.5005627870559692,anomaly
7,504,0,0.5356874465942383,anomaly
7,505,0,0.5213093757629395,anomaly
7,511,0,0.5105290412902832,anomaly
7,512,0,0.5035704970359802,anomaly
7,528,0,0.5231068134307861,anomaly
7,529,0,0.5140291452407837,anomaly
7,530,0,0.5028613805770874,anomaly
7,533,0,0.5009138584136963,anomaly
7,534,0,0.5082787275314331,anomaly
7,535,0,0.5075640678405762,anomaly
7,553,0,0.5351111888885498,anomaly
7,554,0,0.5188143253326416,anomaly
7,555,0,0.5112823247909546,anomaly
7,559,0,0.5099495649337769,anomaly
7,560,0,0.5055928230285645,anomaly
7,562,0,0.5083874464035034,anomaly
7,563,0,0.5008468627929688,anomaly
7,564,0,0.5091354846954346,anomaly
7,565,0,0.5165207386016846,anomaly
7,566,0,0.5182985067367554,anomaly
7,567,0,0.5066624879837036,anomaly
7,570,0,0.5171654224395752,anomaly
7,577,0,0.5569136142730713,anomaly
7,578,0,0.5248225927352905,anomaly
7,583,0,0.508165717124939,anomaly
7,584,0,0.5062059164047241,anomaly
7,601,0,0.5344257354736328,anomaly
7,602,0,0.5360599160194397,anomaly
7,603,0,0.5205385684967041,anomaly
7,604,0,0.5100702047348022,anomaly
7,605,0,0.504882276058197,anomaly
7,606,0,0.5198409557342529,anomaly
7,607,0,0.5180497169494629,anomaly
7,611,0,0.5078701972961426,anomaly
7,612,0,0.518887996673584,anomaly
7,613,0,0.5113509893417358,anomaly
7,614,0,0.5073391199111938,anomaly
7,615,0,0.5073127150535583,anomaly
7,616,0,0.5049688816070557,anomaly
7,617,0,0.5069876909255981,anomaly
7,618,0,0.512636661529541,anomaly
7,619,0,0.5091609954833984,anomaly
7,621,0,0.5029165744781494,anomaly
7,622,0,0.509034276008606,anomaly
7,623,0,0.5138326287269592,anomaly
7,624,0,0.5134528279304504,anomaly
7,628,0,0.5042873620986938,anomaly
7,629,0,0.5056658983230591,anomaly
7,630,0,0.510465681552887,anomaly
7,631,0,0.5086889266967773,anomaly
7,632,0,0.5068271160125732,anomaly
7,649,0,0.5408697128295898,anomaly
7,650,0,0.5249687433242798,anomaly
7,651,0,0.5115575790405273,anomaly
7,654,0,0.5004953145980835,anomaly
7,656,0,0.5086983442306519,anomaly
7,657,0,0.5057974457740784,anomaly
7,660,0,0.5142260789871216,anomaly
7,661,0,0.5259860754013062,anomaly
7,662,0,0.5151867866516113,anomaly
7,664,0,0.5008103847503662,anomaly
7,665,0,0.5070735216140747,anomaly
7,666,0,0.5027949810028076,anomaly
7,672,0,0.5021079182624817,anomaly
7,673,0,0.534666895866394,anomaly
7,674,0,0.5050113201141357,anomaly
7,675,0,0.5027182698249817,anomaly
7,677,0,0.5024676322937012,anomaly
7,678,0,0.5073281526565552,anomaly
7,679,0,0.5052038431167603,anomaly
7,680,0,0.5058870911598206,anomaly
7,695,0,0.522807776927948,anomaly
7,696,0,0.520843505859375,anomaly
7,699,0,0.504841685295105,anomaly
7,702,0,0.5113778114318848,anomaly
7,703,0,0.505084753036499,anomaly
7,704,0,0.5037944912910461,anomaly
7,712,0,0.513363242149353,anomaly
7,713,0,0.5191889405250549,anomaly
7,714,0,0.5164843797683716,anomaly
7,715,0,0.5104150176048279,anomaly
7,721,0,0.5387510657310486,anomaly
7,722,0,0.5115862488746643,anomaly
7,723,0,0.5062930583953857,anomaly
7,725,0,0.5004414916038513,anomaly
7,727,0,0.5045788884162903,anomaly
7,728,0,0.5071934461593628,anomaly
7,735,0,0.5040361881256104,anomaly
7,744,0,0.512547492980957,anomaly
7,745,0,0.5271319150924683,anomaly
7,747,0,0.5011794567108154,anomaly
7,749,0,0.5050151348114014,anomaly
7,750,0,0.5072767734527588,anomaly
7,751,0,0.5092556476593018,anomaly
7,752,0,0.5136393904685974,anomaly
7,753,0,0.5091593265533447,anomaly
7,754,0,0.5133688449859619,anomaly
7,758,0,0.5039262771606445,anomaly
7,767,0,0.5001611709594727,anomaly
7,768,0,0.521329402923584,anomaly
7,769,0,0.5104799270629883,anomaly
7,770,0,0.5073201656341553,anomaly
7,771,0,0.5044330358505249,anomaly
7,773,0,0.5095418691635132,anomaly
7,774,0,0.5095794796943665,anomaly
7,775,0,0.5057884454727173,anomaly
7,784,0,0.517166018486023,anomaly
7,785,0,0.5065664052963257,anomaly
7,792,0,0.5372109413146973,anomaly
7,793,0,0.5348681211471558,anomaly
7,794,0,0.5133225917816162,anomaly
7,797,0,0.5065436363220215,anomaly
7,798,0,0.5038177967071533,anomaly
7,799,0,0.5070087313652039,anomaly
7,806,0,0.5282509326934814,anomaly
7,807,0,0.5191657543182373,anomaly
7,808,0,0.5074892044067383,anomaly
7,809,0,0.5001324415206909,anomaly
7,815,0,0.5258764028549194,anomaly
7,816,0,0.5206456184387207,anomaly
7,817,0,0.5000671148300171,anomaly
7,819,0,0.5023170709609985,anomaly
7,821,0,0.509027361869812,anomaly
7,822,0,0.5013480186462402,anomaly
7,832,0,0.5104707479476929,anomaly
999,1,0,0.5977704524993896,anomaly
999,2,0,0.5318297147750854,anomaly
999,3,0,0.5321902632713318,anomaly
999,4,0,0.514682412147522,anomaly
999,7,0,0.5033766031265259,anomaly
999,8,0,0.5329782962799072,anomaly
999,9,0,0.5495535135269165,anomaly
999,15,0,0.5751798748970032,anomaly
999,16,0,0.5784351825714111,anomaly
999,17,0,0.5154980421066284,anomaly
999,18,0,0.5030069351196289,anomaly
999,19,0,0.5245836973190308,anomaly
999,20,0,0.5161106586456299,anomaly
999,21,0,0.5012210607528687,anomaly
999,24,0,0.5918385982513428,anomaly
999,25,0,0.5354958772659302,anomaly
999,31,0,0.5498456954956055,anomaly
999,32,0,0.5041375160217285,anomaly
999,36,0,0.5008397102355957,anomaly
999,37,0,0.5752509832382202,anomaly
999,38,0,0.5508580207824707,anomaly
999,39,0,0.5369052886962891,anomaly
999,40,0,0.5266164541244507,anomaly
999,41,0,0.5384804010391235,anomaly
999,42,0,0.5420377254486084,anomaly
999,43,0,0.5501475930213928,anomaly
999,44,0,0.5525293946266174,anomaly
999,45,0,0.5457459688186646,anomaly
999,46,0,0.5482020378112793,anomaly
999,47,0,0.5027012228965759,anomaly
999,48,0,0.5141708850860596,anomaly
999,53,0,0.5125086307525635,anomaly
999,54,0,0.5266933441162109,anomaly
999,55,0,0.5445219278335571,anomaly
999,56,0,0.5222132802009583,anomaly
999,64,0,0.5359450578689575,anomaly
999,65,0,0.5270191431045532,anomaly
999,72,0,0.5526788234710693,anomaly
999,73,0,0.5820134878158569,anomaly
999,74,0,0.516614556312561,anomaly
999,81,0,0.5189254283905029,anomaly
999,82,0,0.525966465473175,anomaly
999,83,0,0.5274667739868164,anomaly
999,84,0,0.5255300998687744,anomaly
999,85,0,0.5807515382766724,anomaly
999,86,0,0.5504028797149658,anomaly
999,89,0,0.516278862953186,anomaly
999,90,0,0.5384101271629333,anomaly
999,96,0,0.563846230506897,anomaly
999,97,0,0.5601254105567932,anomaly
999,104,0,0.5084227323532104,anomaly
999,105,0,0.5196219682693481,anomaly
999,106,0,0.5221155881881714,anomaly
999,107,0,0.5304347276687622,anomaly
999,108,0,0.5420193076133728,anomaly
999,109,0,0.5113739967346191,anomaly
999,110,0,0.5083154439926147,anomaly
999,112,0,0.5601664781570435,anomaly
999,113,0,0.5632076263427734,anomaly
999,114,0,0.5038396120071411,anomaly
999,121,0,0.5397818088531494,anomaly
999,122,0,0.5705097913742065,anomaly
999,123,0,0.5369669198989868,anomaly
999,124,0,0.5303213000297546,anomaly
999,125,0,0.5393592119216919,anomaly
999,126,0,0.5153210163116455,anomaly
999,129,0,0.5005960464477539,anomaly
999,130,0,0.5527790784835815,anomaly
999,131,0,0.5591433048248291,anomaly
999,132,0,0.5300554633140564,anomaly
999,133,0,0.5262364745140076,anomaly
999,134,0,0.5241712331771851,anomaly
999,135,0,0.5236907005310059,anomaly
999,136,0,0.5255472660064697,anomaly
999,137,0,0.5226992964744568,anomaly
999,138,0,0.5188519954681396,anomaly
999,139,0,0.5288779735565186,anomaly
999,140,0,0.5333051681518555,anomaly
999,141,0,0.5466691255569458,anomaly
999,142,0,0.5452669262886047,anomaly
999,143,0,0.5132386684417725,anomaly
999,144,0,0.5066558122634888,anomaly
999,145,0,0.5077121257781982,anomaly
999,151,0,0.5153614282608032,anomaly
999,152,0,0.5162233114242554,anomaly
999,156,0,0.5367228984832764,anomaly
999,157,0,0.593917727470398,anomaly
999,158,0,0.5395016670227051,anomaly
999,163,0,0.5204919576644897,anomaly
999,168,1,0.5985857248306274,anomaly
999,169,1,0.5370160341262817,anomaly
999,174,1,0.5239060521125793,anomaly
999,175,0,0.5243921279907227,anomaly
999,192,0,0.5914313197135925,anomaly
999,193,0,0.543937087059021,anomaly
999,200,0,0.5102843046188354,anomaly
999,201,0,0.5234660506248474,anomaly
999,202,0,0.5431340336799622,anomaly
999,203,0,0.5509026050567627,anomaly
999,204,0,0.5275238752365112,anomaly
999,207,0,0.5065077543258667,anomaly
999,208,0,0.5161032676696777,anomaly
999,209,0,0.5153477191925049,anomaly
999,216,0,0.5477374196052551,anomaly
999,217,0,0.5773667097091675,anomaly
999,224,0,0.5143774747848511,anomaly
999,225,0,0.5094759464263916,anomaly
999,226,0,0.5133038759231567,anomaly
999,227,0,0.5602141618728638,anomaly
999,228,0,0.5427525043487549,anomaly
999,229,0,0.5349421501159668,anomaly
999,230,0,0.5551722645759583,anomaly
999,231,0,0.5421942472457886,anomaly
999,241,0,0.5933794379234314,anomaly
999,242,0,0.5628330111503601,anomaly
999,243,0,0.5397896766662598,anomaly
999,244,0,0.5492172837257385,anomaly
999,245,0,0.5555107593536377,anomaly
999,246,0,0.5501628518104553,anomaly
999,247,0,0.5535236597061157,anomaly
999,248,0,0.5332530736923218,anomaly
999,249,0,0.5265582203865051,anomaly
999,250,0,0.5434001684188843,anomaly
999,251,0,0.5603741407394409,anomaly
999,252,0,0.5377492904663086,anomaly
999,256,0,0.5002588033676147,anomaly
999,257,0,0.51099693775177,anomaly
999,258,0,0.5244621634483337,anomaly
999,259,0,0.5226715803146362,anomaly
999,260,0,0.521591305732727,anomaly
999,261,0,0.5220327973365784,anomaly
999,262,0,0.5192922353744507,anomaly
999,263,0,0.5223968029022217,anomaly
999,264,0,0.5356177091598511,anomaly
999,265,0,0.5258955359458923,anomaly
999,266,0,0.5029807090759277,anomaly
999,271,0,0.5239712595939636,anomaly
999,272,0,0.5466554760932922,anomaly
999,278,0,0.5566580295562744,anomaly
999,279,0,0.588930606842041,anomaly
999,280,0,0.5458180904388428,anomaly
999,281,0,0.5324907302856445,anomaly
999,282,0,0.5049209594726562,anomaly
999,288,0,0.5028268098831177,anomaly
999,289,0,0.5935612320899963,anomaly
999,290,0,0.526804506778717,anomaly
999,296,0,0.523253321647644,anomaly
999,297,0,0.5358932614326477,anomaly
999,298,0,0.5433387160301208,anomaly
999,299,0,0.5423128008842468,anomaly
999,300,0,0.5476008057594299,anomaly
999,301,0,0.5582525730133057,anomaly
999,302,0,0.5149742364883423,anomaly
999,306,0,0.5204240679740906,anomaly
999,307,0,0.5353442430496216,anomaly
999,312,0,0.5297799706459045,anomaly
999,313,0,0.5836559534072876,anomaly
999,314,0,0.5112073421478271,anomaly
999,315,0,0.5738692283630371,anomaly
999,316,0,0.5977221727371216,anomaly
999,317,0,0.5698456168174744,anomaly
999,319,0,0.5774176716804504,anomaly
999,320,0,0.5751821994781494,anomaly
999,321,0,0.5565985441207886,anomaly
999,322,0,0.5607823133468628,anomaly
999,323,0,0.5010327100753784,anomaly
999,326,0,0.5644460916519165,anomaly
999,327,0,0.593170166015625,anomaly
999,328,0,0.5524498224258423,anomaly
999,332,0,0.5164185762405396,anomaly
999,333,0,0.5311968326568604,anomaly
999,334,0,0.5323706865310669,anomaly
999,335,0,0.5053426027297974,anomaly
999,336,0,0.546420693397522,anomaly
999,337,0,0.5672436952590942,anomaly
999,338,0,0.5033870935440063,anomaly
999,339,0,0.5016648769378662,anomaly
999,343,0,0.5221133828163147,anomaly
999,344,0,0.5398043394088745,anomaly
999,360,0,0.5499420166015625,anomaly
999,361,0,0.5785260200500488,anomaly
999,362,0,0.5060904622077942,anomaly
999,367,0,0.5029265880584717,anomaly
999,368,0,0.5145926475524902,anomaly
999,369,0,0.5068066120147705,anomaly
999,370,0,0.5013765096664429,anomaly
999,376,0,0.5100640058517456,anomaly
999,377,0,0.5285483598709106,anomaly
999,378,0,0.523308277130127,anomaly
999,384,0,0.5924515724182129,anomaly
999,385,0,0.5512509346008301,anomaly
999,393,0,0.5247793197631836,anomaly
999,394,0,0.5291351675987244,anomaly
999,395,0,0.5484024286270142,anomaly
999,396,0,0.5548056364059448,anomaly
999,397,0,0.5488519072532654,anomaly
999,398,0,0.5023447275161743,anomaly
999,399,0,0.5227477550506592,anomaly
999,400,0,0.5339092016220093,anomaly
999,401,1,0.5254324674606323,anomaly
999,410,1,0.5966825485229492,anomaly
999,411,1,0.5692253112792969,anomaly
999,412,1,0.5395382046699524,anomaly
999,413,1,0.5568996667861938,anomaly
999,419,1,0.5590128898620605,anomaly
999,420,1,0.5448900461196899,anomaly
999,421,1,0.5387462377548218,anomaly
999,422,1,0.545358419418335,anomaly
999,423,1,0.5468906164169312,anomaly
999,424,1,0.5371080636978149,anomaly
999,425,1,0.5447055101394653,anomaly
999,426,1,0.5486667156219482,anomaly
999,427,1,0.5258298516273499,anomaly
999,431,1,0.582699179649353,anomaly
999,432,1,0.5634751915931702,anomaly
999,433,1,0.5001741647720337,anomaly
999,436,1,0.5038635730743408,anomaly
999,437,1,0.5565469861030579,anomaly
999,438,1,0.546699583530426,anomaly
999,455,1,0.5972237586975098,anomaly
999,456,1,0.5670132637023926,anomaly
999,457,1,0.5041993856430054,anomaly
999,461,1,0.5047191381454468,anomaly
999,462,1,0.5198917388916016,anomaly
999,463,1,0.5299941897392273,anomaly
999,467,1,0.5675926208496094,anomaly
999,468,1,0.5980898141860962,anomaly
999,469,1,0.5928592681884766,anomaly
999,470,1,0.5285220146179199,anomaly
999,474,0,0.5253889560699463,anomaly
999,475,0,0.5194743871688843,anomaly
999,476,0,0.5122722387313843,anomaly
999,480,0,0.5826152563095093,anomaly
999,481,0,0.5757472515106201,anomaly
999,487,0,0.5247536301612854,anomaly
999,488,0,0.565398097038269,anomaly
999,494,0,0.5167462825775146,anomaly
999,495,0,0.5465380549430847,anomaly
999,496,0,0.5405170321464539,anomaly
999,497,0,0.5153350830078125,anomaly
999,504,0,0.5971773862838745,anomaly
999,505,0,0.5310642123222351,anomaly
999,511,0,0.509850263595581,anomaly
999,512,0,0.5282298922538757,anomaly
999,513,0,0.5283740758895874,anomaly
999,520,0,0.5066776275634766,anomaly
999,521,0,0.53402179479599,anomaly
999,522,0,0.5325482487678528,anomaly
999,523,0,0.5360406637191772,anomaly
999,524,0,0.5100178718566895,anomaly
999,526,0,0.5221214294433594,anomaly
999,527,0,0.5492887496948242,anomaly
999,528,0,0.5717432498931885,anomaly
999,529,0,0.5083522796630859,anomaly
999,534,0,0.502774715423584,anomaly
999,535,0,0.5077239274978638,anomaly
999,536,0,0.5355182886123657,anomaly
999,552,0,0.5015380382537842,anomaly
999,553,0,0.5925635099411011,anomaly
999,554,0,0.5264155864715576,anomaly
999,560,0,0.5157352685928345,anomaly
999,561,0,0.5291140675544739,anomaly
999,562,0,0.550919771194458,anomaly
999,563,0,0.5518834590911865,anomaly
999,564,0,0.5480889081954956,anomaly
999,565,0,0.5271143913269043,anomaly
999,566,0,0.5163609385490417,anomaly
999,570,0,0.5771332383155823,anomaly
999,571,0,0.5761735439300537,anomaly
999,577,0,0.5972598791122437,anomaly
999,578,0,0.5352585315704346,anomaly
999,585,0,0.5432484149932861,anomaly
999,587,0,0.5008922815322876,anomaly
999,601,0,0.5949244499206543,anomaly
999,602,0,0.5740301609039307,anomaly
999,603,0,0.5281025767326355,anomaly
999,604,0,0.5358734130859375,anomaly
999,605,0,0.5388364791870117,anomaly
999,606,0,0.5508475303649902,anomaly
999,607,0,0.5599716901779175,anomaly
999,608,0,0.5364261865615845,anomaly
999,609,0,0.5303277969360352,anomaly
999,610,0,0.5445056557655334,anomaly
999,611,0,0.5613840818405151,anomaly
999,612,0,0.5503494143486023,anomaly
999,613,0,0.5019029378890991,anomaly
999,618,0,0.5013837814331055,anomaly
999,619,0,0.5067049264907837,anomaly
999,620,0,0.5220763683319092,anomaly
999,621,0,0.5395851135253906,anomaly
999,622,0,0.5483043193817139,anomaly
999,623,0,0.5494023561477661,anomaly
999,624,0,0.5115783214569092,anomaly
999,630,0,0.5043061971664429,anomaly
999,631,0,0.5122567415237427,anomaly
999,632,0,0.5153026580810547,anomaly
999,633,0,0.5269633531570435,anomaly
999,641,0,0.5507608652114868,anomaly
999,642,0,0.5583560466766357,anomaly
999,643,0,0.5038340091705322,anomaly
999,649,0,0.5965162515640259,anomaly
999,650,0,0.5418791174888611,anomaly
999,651,0,0.5049638152122498,anomaly
999,657,0,0.512894868850708,anomaly
999,658,0,0.5264455080032349,anomaly
999,659,0,0.5237610340118408,anomaly
999,660,0,0.5680991411209106,anomaly
999,661,0,0.5528734922409058,anomaly
999,662,0,0.5084930658340454,anomaly
999,666,0,0.5186814069747925,anomaly
999,667,0,0.5090792179107666,anomaly
999,672,0,0.5576890707015991,anomaly
999,673,0,0.5641800165176392,anomaly
999,678,0,0.508784294128418,anomaly
999,679,0,0.5187945365905762,anomaly
999,680,0,0.5333706736564636,anomaly
999,681,0,0.5247215628623962,anomaly
999,682,0,0.5165996551513672,anomaly
999,683,0,0.5424561500549316,anomaly
999,684,0,0.5304913520812988,anomaly
999,687,0,0.5046223402023315,anomaly
999,688,0,0.5483033657073975,anomaly
999,689,0,0.5422183871269226,anomaly
999,690,0,0.5200492143630981,anomaly
999,694,0,0.5395826101303101,anomaly
999,695,0,0.5761319994926453,anomaly
999,696,0,0.5308340787887573,anomaly
999,704,0,0.5301704406738281,anomaly
999,705,0,0.52525794506073,anomaly
999,710,0,0.5128021240234375,anomaly
999,711,0,0.5425826907157898,anomaly
999,712,0,0.5556392669677734,anomaly
999,713,0,0.5403138399124146,anomaly
999,714,0,0.5134381055831909,anomaly
999,715,0,0.5005912184715271,anomaly
999,716,0,0.5246591567993164,anomaly
999,717,0,0.5169597864151001,anomaly
999,720,0,0.5352255702018738,anomaly
999,721,0,0.5770172476768494,anomaly
999,722,0,0.5123931169509888,anomaly
999,728,0,0.571071982383728,anomaly
999,729,0,0.5301133394241333,anomaly
999,734,0,0.5303282737731934,anomaly
999,735,0,0.562626838684082,anomaly
999,736,0,0.5258693695068359,anomaly
999,744,0,0.5797006487846375,anomaly
999,745,0,0.5445981621742249,anomaly
999,752,0,0.5060569047927856,anomaly
999,754,0,0.5705553293228149,anomaly
999,755,0,0.5655517578125,anomaly
999,756,0,0.5455875396728516,anomaly
999,757,0,0.5426440238952637,anomaly
999,758,0,0.5607039332389832,anomaly
999,759,0,0.5433107614517212,anomaly
999,760,0,0.5052797794342041,anomaly
999,761,0,0.5103161334991455,anomaly
999,762,0,0.509941577911377,anomaly
999,766,0,0.5245111584663391,anomaly
999,767,0,0.55632084608078,anomaly
999,768,0,0.5517870187759399,anomaly
999,769,0,0.5073397755622864,anomaly
999,776,0,0.5499148368835449,anomaly
999,784,0,0.5811349153518677,anomaly
999,785,0,0.5582172870635986,anomaly
999,786,0,0.5372095108032227,anomaly
999,792,0,0.5969308614730835,anomaly
999,793,0,0.5901345014572144,anomaly
999,794,0,0.5214048027992249,anomaly
999,799,0,0.5073920488357544,anomaly
999,800,0,0.5329662561416626,anomaly
999,806,0,0.5886712074279785,anomaly
999,807,0,0.5791077613830566,anomaly
999,808,0,0.5412988662719727,anomaly
999,809,0,0.5285150408744812,anomaly
999,810,0,0.5352175235748291,anomaly
999,811,0,0.5347138047218323,anomaly
999,812,0,0.5136288404464722,anomaly
999,814,0,0.5259108543395996,anomaly
999,815,0,0.5859552025794983,anomaly
999,816,0,0.5279901027679443,anomaly
999,821,0,0.5110334157943726,anomaly
999,822,0,0.5218187570571899,anomaly
999,823,0,0.5297607183456421,anomaly
999,824,0,0.50780189037323,anomaly
999,832,0,0.5466997623443604,anomaly
999,833,0,0.551713764667511,anomaly
999,834,0,0.5644159913063049,anomaly
999,835,0,0.521232008934021,anomaly
